==88624== NVPROF is profiling process 88624, command: ./a.out 0
==88624== Profiling application: ./a.out 0
==88624== Profiling result:
"Start","Duration","Grid X","Grid Y","Grid Z","Block X","Block Y","Block Z","Registers Per Thread","Static SMem","Dynamic SMem","Device","Context","Stream","Name","Correlation_ID"
s,us,,,,,,,,B,B,,,,,
0.403825,7.136000,1,1,1,1,1,1,40,0,0,"Tesla V100-PCIE-32GB (0)","1","7","parsha256_kernel_gpu_singleInvocation(int*, int*)",13
0.403836,7.136000,1,1,1,1,1,1,40,0,0,"Tesla V100-PCIE-32GB (0)","1","7","parsha256_kernel_gpu_singleInvocation(int*, int*)",14
0.403847,7.136000,1,1,1,1,1,1,40,0,0,"Tesla V100-PCIE-32GB (0)","1","7","parsha256_kernel_gpu_singleInvocation(int*, int*)",15
0.403858,7.104000,1,1,1,1,1,1,40,0,0,"Tesla V100-PCIE-32GB (0)","1","7","parsha256_kernel_gpu_singleInvocation(int*, int*)",16
0.403869,7.104000,1,1,1,1,1,1,40,0,0,"Tesla V100-PCIE-32GB (0)","1","7","parsha256_kernel_gpu_singleInvocation(int*, int*)",17
0.403879,7.136000,1,1,1,1,1,1,40,0,0,"Tesla V100-PCIE-32GB (0)","1","7","parsha256_kernel_gpu_singleInvocation(int*, int*)",18
0.403889,7.104000,1,1,1,1,1,1,40,0,0,"Tesla V100-PCIE-32GB (0)","1","7","parsha256_kernel_gpu_singleInvocation(int*, int*)",19
0.403900,7.488000,1,1,1,1,1,1,40,0,0,"Tesla V100-PCIE-32GB (0)","1","7","parsha256_kernel_gpu_singleInvocation(int*, int*)",20
0.403911,7.104000,1,1,1,1,1,1,40,0,0,"Tesla V100-PCIE-32GB (0)","1","7","parsha256_kernel_gpu_singleInvocation(int*, int*)",21
0.403921,7.104000,1,1,1,1,1,1,40,0,0,"Tesla V100-PCIE-32GB (0)","1","7","parsha256_kernel_gpu_singleInvocation(int*, int*)",22
0.403932,7.136000,1,1,1,1,1,1,40,0,0,"Tesla V100-PCIE-32GB (0)","1","7","parsha256_kernel_gpu_singleInvocation(int*, int*)",23
0.403942,7.104000,1,1,1,1,1,1,40,0,0,"Tesla V100-PCIE-32GB (0)","1","7","parsha256_kernel_gpu_singleInvocation(int*, int*)",24
0.403953,7.104000,1,1,1,1,1,1,40,0,0,"Tesla V100-PCIE-32GB (0)","1","7","parsha256_kernel_gpu_singleInvocation(int*, int*)",25
0.403963,7.104000,1,1,1,1,1,1,40,0,0,"Tesla V100-PCIE-32GB (0)","1","7","parsha256_kernel_gpu_singleInvocation(int*, int*)",26
0.403974,7.136000,1,1,1,1,1,1,40,0,0,"Tesla V100-PCIE-32GB (0)","1","7","parsha256_kernel_gpu_singleInvocation(int*, int*)",27
0.403984,7.104000,1,1,1,1,1,1,40,0,0,"Tesla V100-PCIE-32GB (0)","1","7","parsha256_kernel_gpu_singleInvocation(int*, int*)",28
0.403995,7.136000,1,1,1,1,1,1,40,0,0,"Tesla V100-PCIE-32GB (0)","1","7","parsha256_kernel_gpu_singleInvocation(int*, int*)",29
0.404005,7.136000,1,1,1,1,1,1,40,0,0,"Tesla V100-PCIE-32GB (0)","1","7","parsha256_kernel_gpu_singleInvocation(int*, int*)",30
0.404016,7.136000,1,1,1,1,1,1,40,0,0,"Tesla V100-PCIE-32GB (0)","1","7","parsha256_kernel_gpu_singleInvocation(int*, int*)",31
0.404026,7.104000,1,1,1,1,1,1,40,0,0,"Tesla V100-PCIE-32GB (0)","1","7","parsha256_kernel_gpu_singleInvocation(int*, int*)",32
0.404036,7.168000,1,1,1,1,1,1,40,0,0,"Tesla V100-PCIE-32GB (0)","1","7","parsha256_kernel_gpu_singleInvocation(int*, int*)",33
0.404047,7.104000,1,1,1,1,1,1,40,0,0,"Tesla V100-PCIE-32GB (0)","1","7","parsha256_kernel_gpu_singleInvocation(int*, int*)",34
0.404058,7.136000,1,1,1,1,1,1,40,0,0,"Tesla V100-PCIE-32GB (0)","1","7","parsha256_kernel_gpu_singleInvocation(int*, int*)",35
0.404069,7.136000,1,1,1,1,1,1,40,0,0,"Tesla V100-PCIE-32GB (0)","1","7","parsha256_kernel_gpu_singleInvocation(int*, int*)",36
0.404079,7.136000,1,1,1,1,1,1,40,0,0,"Tesla V100-PCIE-32GB (0)","1","7","parsha256_kernel_gpu_singleInvocation(int*, int*)",37
0.404090,7.104000,1,1,1,1,1,1,40,0,0,"Tesla V100-PCIE-32GB (0)","1","7","parsha256_kernel_gpu_singleInvocation(int*, int*)",38
0.404100,7.104000,1,1,1,1,1,1,40,0,0,"Tesla V100-PCIE-32GB (0)","1","7","parsha256_kernel_gpu_singleInvocation(int*, int*)",39
0.404111,7.104000,1,1,1,1,1,1,40,0,0,"Tesla V100-PCIE-32GB (0)","1","7","parsha256_kernel_gpu_singleInvocation(int*, int*)",40
0.404121,7.167000,1,1,1,1,1,1,40,0,0,"Tesla V100-PCIE-32GB (0)","1","7","parsha256_kernel_gpu_singleInvocation(int*, int*)",41
0.404132,7.328000,1,1,1,1,1,1,40,0,0,"Tesla V100-PCIE-32GB (0)","1","7","parsha256_kernel_gpu_singleInvocation(int*, int*)",42
0.404142,7.104000,1,1,1,1,1,1,40,0,0,"Tesla V100-PCIE-32GB (0)","1","7","parsha256_kernel_gpu_singleInvocation(int*, int*)",43
0.404153,7.072000,1,1,1,1,1,1,40,0,0,"Tesla V100-PCIE-32GB (0)","1","7","parsha256_kernel_gpu_singleInvocation(int*, int*)",44
0.404163,7.136000,1,1,1,1,1,1,40,0,0,"Tesla V100-PCIE-32GB (0)","1","7","parsha256_kernel_gpu_singleInvocation(int*, int*)",45
0.404174,7.136000,1,1,1,1,1,1,40,0,0,"Tesla V100-PCIE-32GB (0)","1","7","parsha256_kernel_gpu_singleInvocation(int*, int*)",46
0.404184,7.136000,1,1,1,1,1,1,40,0,0,"Tesla V100-PCIE-32GB (0)","1","7","parsha256_kernel_gpu_singleInvocation(int*, int*)",47
0.404195,7.104000,1,1,1,1,1,1,40,0,0,"Tesla V100-PCIE-32GB (0)","1","7","parsha256_kernel_gpu_singleInvocation(int*, int*)",48
0.404205,7.136000,1,1,1,1,1,1,40,0,0,"Tesla V100-PCIE-32GB (0)","1","7","parsha256_kernel_gpu_singleInvocation(int*, int*)",49
0.404215,7.136000,1,1,1,1,1,1,40,0,0,"Tesla V100-PCIE-32GB (0)","1","7","parsha256_kernel_gpu_singleInvocation(int*, int*)",50
0.404226,7.104000,1,1,1,1,1,1,40,0,0,"Tesla V100-PCIE-32GB (0)","1","7","parsha256_kernel_gpu_singleInvocation(int*, int*)",51
0.404236,7.104000,1,1,1,1,1,1,40,0,0,"Tesla V100-PCIE-32GB (0)","1","7","parsha256_kernel_gpu_singleInvocation(int*, int*)",52
0.404247,7.136000,1,1,1,1,1,1,40,0,0,"Tesla V100-PCIE-32GB (0)","1","7","parsha256_kernel_gpu_singleInvocation(int*, int*)",53
0.404257,7.136000,1,1,1,1,1,1,40,0,0,"Tesla V100-PCIE-32GB (0)","1","7","parsha256_kernel_gpu_singleInvocation(int*, int*)",54
0.404268,7.136000,1,1,1,1,1,1,40,0,0,"Tesla V100-PCIE-32GB (0)","1","7","parsha256_kernel_gpu_singleInvocation(int*, int*)",55
0.404278,7.136000,1,1,1,1,1,1,40,0,0,"Tesla V100-PCIE-32GB (0)","1","7","parsha256_kernel_gpu_singleInvocation(int*, int*)",56
0.404289,7.136000,1,1,1,1,1,1,40,0,0,"Tesla V100-PCIE-32GB (0)","1","7","parsha256_kernel_gpu_singleInvocation(int*, int*)",57
0.404300,7.136000,1,1,1,1,1,1,40,0,0,"Tesla V100-PCIE-32GB (0)","1","7","parsha256_kernel_gpu_singleInvocation(int*, int*)",58
0.404310,7.103000,1,1,1,1,1,1,40,0,0,"Tesla V100-PCIE-32GB (0)","1","7","parsha256_kernel_gpu_singleInvocation(int*, int*)",59
0.404321,7.104000,1,1,1,1,1,1,40,0,0,"Tesla V100-PCIE-32GB (0)","1","7","parsha256_kernel_gpu_singleInvocation(int*, int*)",60
0.404331,7.136000,1,1,1,1,1,1,40,0,0,"Tesla V100-PCIE-32GB (0)","1","7","parsha256_kernel_gpu_singleInvocation(int*, int*)",61
0.404342,7.136000,1,1,1,1,1,1,40,0,0,"Tesla V100-PCIE-32GB (0)","1","7","parsha256_kernel_gpu_singleInvocation(int*, int*)",62
0.404352,7.136000,1,1,1,1,1,1,40,0,0,"Tesla V100-PCIE-32GB (0)","1","7","parsha256_kernel_gpu_singleInvocation(int*, int*)",63
0.404363,7.136000,1,1,1,1,1,1,40,0,0,"Tesla V100-PCIE-32GB (0)","1","7","parsha256_kernel_gpu_singleInvocation(int*, int*)",64
0.404373,7.136000,1,1,1,1,1,1,40,0,0,"Tesla V100-PCIE-32GB (0)","1","7","parsha256_kernel_gpu_singleInvocation(int*, int*)",65
0.404384,7.104000,1,1,1,1,1,1,40,0,0,"Tesla V100-PCIE-32GB (0)","1","7","parsha256_kernel_gpu_singleInvocation(int*, int*)",66
0.404394,7.136000,1,1,1,1,1,1,40,0,0,"Tesla V100-PCIE-32GB (0)","1","7","parsha256_kernel_gpu_singleInvocation(int*, int*)",67
0.404404,7.328000,1,1,1,1,1,1,40,0,0,"Tesla V100-PCIE-32GB (0)","1","7","parsha256_kernel_gpu_singleInvocation(int*, int*)",68
0.404415,7.136000,1,1,1,1,1,1,40,0,0,"Tesla V100-PCIE-32GB (0)","1","7","parsha256_kernel_gpu_singleInvocation(int*, int*)",69
0.404426,7.136000,1,1,1,1,1,1,40,0,0,"Tesla V100-PCIE-32GB (0)","1","7","parsha256_kernel_gpu_singleInvocation(int*, int*)",70
0.404436,7.136000,1,1,1,1,1,1,40,0,0,"Tesla V100-PCIE-32GB (0)","1","7","parsha256_kernel_gpu_singleInvocation(int*, int*)",71
0.404447,7.104000,1,1,1,1,1,1,40,0,0,"Tesla V100-PCIE-32GB (0)","1","7","parsha256_kernel_gpu_singleInvocation(int*, int*)",72
0.404457,7.136000,1,1,1,1,1,1,40,0,0,"Tesla V100-PCIE-32GB (0)","1","7","parsha256_kernel_gpu_singleInvocation(int*, int*)",73
0.404468,7.136000,1,1,1,1,1,1,40,0,0,"Tesla V100-PCIE-32GB (0)","1","7","parsha256_kernel_gpu_singleInvocation(int*, int*)",74
0.404482,7.136000,1,1,1,1,1,1,40,0,0,"Tesla V100-PCIE-32GB (0)","1","7","parsha256_kernel_gpu_singleInvocation(int*, int*)",75
0.404492,7.104000,1,1,1,1,1,1,40,0,0,"Tesla V100-PCIE-32GB (0)","1","7","parsha256_kernel_gpu_singleInvocation(int*, int*)",76
0.404503,7.135000,1,1,1,1,1,1,40,0,0,"Tesla V100-PCIE-32GB (0)","1","7","parsha256_kernel_gpu_singleInvocation(int*, int*)",77
0.404513,7.136000,1,1,1,1,1,1,40,0,0,"Tesla V100-PCIE-32GB (0)","1","7","parsha256_kernel_gpu_singleInvocation(int*, int*)",78
0.404524,7.104000,1,1,1,1,1,1,40,0,0,"Tesla V100-PCIE-32GB (0)","1","7","parsha256_kernel_gpu_singleInvocation(int*, int*)",79
0.404534,7.104000,1,1,1,1,1,1,40,0,0,"Tesla V100-PCIE-32GB (0)","1","7","parsha256_kernel_gpu_singleInvocation(int*, int*)",80
0.404545,7.392000,1,1,1,1,1,1,40,0,0,"Tesla V100-PCIE-32GB (0)","1","7","parsha256_kernel_gpu_singleInvocation(int*, int*)",81
0.404556,7.104000,1,1,1,1,1,1,40,0,0,"Tesla V100-PCIE-32GB (0)","1","7","parsha256_kernel_gpu_singleInvocation(int*, int*)",82
0.404566,7.104000,1,1,1,1,1,1,40,0,0,"Tesla V100-PCIE-32GB (0)","1","7","parsha256_kernel_gpu_singleInvocation(int*, int*)",83
0.404577,7.104000,1,1,1,1,1,1,40,0,0,"Tesla V100-PCIE-32GB (0)","1","7","parsha256_kernel_gpu_singleInvocation(int*, int*)",84
0.404587,7.168000,1,1,1,1,1,1,40,0,0,"Tesla V100-PCIE-32GB (0)","1","7","parsha256_kernel_gpu_singleInvocation(int*, int*)",85
0.404597,7.136000,1,1,1,1,1,1,40,0,0,"Tesla V100-PCIE-32GB (0)","1","7","parsha256_kernel_gpu_singleInvocation(int*, int*)",86
0.404608,7.104000,1,1,1,1,1,1,40,0,0,"Tesla V100-PCIE-32GB (0)","1","7","parsha256_kernel_gpu_singleInvocation(int*, int*)",87
0.404618,7.104000,1,1,1,1,1,1,40,0,0,"Tesla V100-PCIE-32GB (0)","1","7","parsha256_kernel_gpu_singleInvocation(int*, int*)",88
0.404629,7.136000,1,1,1,1,1,1,40,0,0,"Tesla V100-PCIE-32GB (0)","1","7","parsha256_kernel_gpu_singleInvocation(int*, int*)",89
0.404639,7.136000,1,1,1,1,1,1,40,0,0,"Tesla V100-PCIE-32GB (0)","1","7","parsha256_kernel_gpu_singleInvocation(int*, int*)",90
0.404650,7.104000,1,1,1,1,1,1,40,0,0,"Tesla V100-PCIE-32GB (0)","1","7","parsha256_kernel_gpu_singleInvocation(int*, int*)",91
0.404660,7.104000,1,1,1,1,1,1,40,0,0,"Tesla V100-PCIE-32GB (0)","1","7","parsha256_kernel_gpu_singleInvocation(int*, int*)",92
0.404671,7.136000,1,1,1,1,1,1,40,0,0,"Tesla V100-PCIE-32GB (0)","1","7","parsha256_kernel_gpu_singleInvocation(int*, int*)",93
0.404681,7.104000,1,1,1,1,1,1,40,0,0,"Tesla V100-PCIE-32GB (0)","1","7","parsha256_kernel_gpu_singleInvocation(int*, int*)",94
0.404692,7.103000,1,1,1,1,1,1,40,0,0,"Tesla V100-PCIE-32GB (0)","1","7","parsha256_kernel_gpu_singleInvocation(int*, int*)",95
0.404703,7.104000,1,1,1,1,1,1,40,0,0,"Tesla V100-PCIE-32GB (0)","1","7","parsha256_kernel_gpu_singleInvocation(int*, int*)",96
0.404713,7.136000,1,1,1,1,1,1,40,0,0,"Tesla V100-PCIE-32GB (0)","1","7","parsha256_kernel_gpu_singleInvocation(int*, int*)",97
0.404723,7.136000,1,1,1,1,1,1,40,0,0,"Tesla V100-PCIE-32GB (0)","1","7","parsha256_kernel_gpu_singleInvocation(int*, int*)",98
0.404734,7.104000,1,1,1,1,1,1,40,0,0,"Tesla V100-PCIE-32GB (0)","1","7","parsha256_kernel_gpu_singleInvocation(int*, int*)",99
0.404744,7.072000,1,1,1,1,1,1,40,0,0,"Tesla V100-PCIE-32GB (0)","1","7","parsha256_kernel_gpu_singleInvocation(int*, int*)",100
0.404755,7.104000,1,1,1,1,1,1,40,0,0,"Tesla V100-PCIE-32GB (0)","1","7","parsha256_kernel_gpu_singleInvocation(int*, int*)",101
0.404766,7.136000,1,1,1,1,1,1,40,0,0,"Tesla V100-PCIE-32GB (0)","1","7","parsha256_kernel_gpu_singleInvocation(int*, int*)",102
0.404776,7.136000,1,1,1,1,1,1,40,0,0,"Tesla V100-PCIE-32GB (0)","1","7","parsha256_kernel_gpu_singleInvocation(int*, int*)",103
0.404786,7.104000,1,1,1,1,1,1,40,0,0,"Tesla V100-PCIE-32GB (0)","1","7","parsha256_kernel_gpu_singleInvocation(int*, int*)",104
0.404797,7.136000,1,1,1,1,1,1,40,0,0,"Tesla V100-PCIE-32GB (0)","1","7","parsha256_kernel_gpu_singleInvocation(int*, int*)",105
0.404807,7.104000,1,1,1,1,1,1,40,0,0,"Tesla V100-PCIE-32GB (0)","1","7","parsha256_kernel_gpu_singleInvocation(int*, int*)",106
0.404818,7.360000,1,1,1,1,1,1,40,0,0,"Tesla V100-PCIE-32GB (0)","1","7","parsha256_kernel_gpu_singleInvocation(int*, int*)",107
0.404829,7.104000,1,1,1,1,1,1,40,0,0,"Tesla V100-PCIE-32GB (0)","1","7","parsha256_kernel_gpu_singleInvocation(int*, int*)",108
0.404839,7.104000,1,1,1,1,1,1,40,0,0,"Tesla V100-PCIE-32GB (0)","1","7","parsha256_kernel_gpu_singleInvocation(int*, int*)",109
0.404850,7.136000,1,1,1,1,1,1,40,0,0,"Tesla V100-PCIE-32GB (0)","1","7","parsha256_kernel_gpu_singleInvocation(int*, int*)",110
0.404860,7.104000,1,1,1,1,1,1,40,0,0,"Tesla V100-PCIE-32GB (0)","1","7","parsha256_kernel_gpu_singleInvocation(int*, int*)",111
0.404871,7.104000,1,1,1,1,1,1,40,0,0,"Tesla V100-PCIE-32GB (0)","1","7","parsha256_kernel_gpu_singleInvocation(int*, int*)",112
2.417252,7.136000,1,1,1,1,1,1,40,0,0,"Tesla V100-PCIE-32GB (0)","1","7","parsha256_kernel_gpu_singleInvocation(int*, int*)",150
2.417263,7.136000,1,1,1,1,1,1,40,0,0,"Tesla V100-PCIE-32GB (0)","1","7","parsha256_kernel_gpu_singleInvocation(int*, int*)",151
2.417273,7.136000,1,1,1,1,1,1,40,0,0,"Tesla V100-PCIE-32GB (0)","1","7","parsha256_kernel_gpu_singleInvocation(int*, int*)",152
2.417284,7.136000,1,1,1,1,1,1,40,0,0,"Tesla V100-PCIE-32GB (0)","1","7","parsha256_kernel_gpu_singleInvocation(int*, int*)",153
2.417294,7.104000,1,1,1,1,1,1,40,0,0,"Tesla V100-PCIE-32GB (0)","1","7","parsha256_kernel_gpu_singleInvocation(int*, int*)",154
2.417305,7.136000,1,1,1,1,1,1,40,0,0,"Tesla V100-PCIE-32GB (0)","1","7","parsha256_kernel_gpu_singleInvocation(int*, int*)",155
2.417316,7.104000,1,1,1,1,1,1,40,0,0,"Tesla V100-PCIE-32GB (0)","1","7","parsha256_kernel_gpu_singleInvocation(int*, int*)",156
2.417326,7.136000,1,1,1,1,1,1,40,0,0,"Tesla V100-PCIE-32GB (0)","1","7","parsha256_kernel_gpu_singleInvocation(int*, int*)",157
2.417337,7.136000,1,1,1,1,1,1,40,0,0,"Tesla V100-PCIE-32GB (0)","1","7","parsha256_kernel_gpu_singleInvocation(int*, int*)",158
2.417347,7.424000,1,1,1,1,1,1,40,0,0,"Tesla V100-PCIE-32GB (0)","1","7","parsha256_kernel_gpu_singleInvocation(int*, int*)",159
2.417358,7.136000,1,1,1,1,1,1,40,0,0,"Tesla V100-PCIE-32GB (0)","1","7","parsha256_kernel_gpu_singleInvocation(int*, int*)",160
2.417369,7.136000,1,1,1,1,1,1,40,0,0,"Tesla V100-PCIE-32GB (0)","1","7","parsha256_kernel_gpu_singleInvocation(int*, int*)",161
2.417379,7.456000,1,1,1,1,1,1,40,0,0,"Tesla V100-PCIE-32GB (0)","1","7","parsha256_kernel_gpu_singleInvocation(int*, int*)",162
2.417390,7.136000,1,1,1,1,1,1,40,0,0,"Tesla V100-PCIE-32GB (0)","1","7","parsha256_kernel_gpu_singleInvocation(int*, int*)",163
2.417401,7.136000,1,1,1,1,1,1,40,0,0,"Tesla V100-PCIE-32GB (0)","1","7","parsha256_kernel_gpu_singleInvocation(int*, int*)",164
2.417411,7.104000,1,1,1,1,1,1,40,0,0,"Tesla V100-PCIE-32GB (0)","1","7","parsha256_kernel_gpu_singleInvocation(int*, int*)",165
2.417422,7.104000,1,1,1,1,1,1,40,0,0,"Tesla V100-PCIE-32GB (0)","1","7","parsha256_kernel_gpu_singleInvocation(int*, int*)",166
2.417432,7.136000,1,1,1,1,1,1,40,0,0,"Tesla V100-PCIE-32GB (0)","1","7","parsha256_kernel_gpu_singleInvocation(int*, int*)",167
2.417443,7.136000,1,1,1,1,1,1,40,0,0,"Tesla V100-PCIE-32GB (0)","1","7","parsha256_kernel_gpu_singleInvocation(int*, int*)",168
2.417453,7.104000,1,1,1,1,1,1,40,0,0,"Tesla V100-PCIE-32GB (0)","1","7","parsha256_kernel_gpu_singleInvocation(int*, int*)",169
2.417464,7.104000,1,1,1,1,1,1,40,0,0,"Tesla V100-PCIE-32GB (0)","1","7","parsha256_kernel_gpu_singleInvocation(int*, int*)",170
2.417475,7.136000,1,1,1,1,1,1,40,0,0,"Tesla V100-PCIE-32GB (0)","1","7","parsha256_kernel_gpu_singleInvocation(int*, int*)",171
2.417485,7.104000,1,1,1,1,1,1,40,0,0,"Tesla V100-PCIE-32GB (0)","1","7","parsha256_kernel_gpu_singleInvocation(int*, int*)",172
2.417496,7.136000,1,1,1,1,1,1,40,0,0,"Tesla V100-PCIE-32GB (0)","1","7","parsha256_kernel_gpu_singleInvocation(int*, int*)",173
2.417506,7.104000,1,1,1,1,1,1,40,0,0,"Tesla V100-PCIE-32GB (0)","1","7","parsha256_kernel_gpu_singleInvocation(int*, int*)",174
2.417517,7.136000,1,1,1,1,1,1,40,0,0,"Tesla V100-PCIE-32GB (0)","1","7","parsha256_kernel_gpu_singleInvocation(int*, int*)",175
2.417527,7.200000,1,1,1,1,1,1,40,0,0,"Tesla V100-PCIE-32GB (0)","1","7","parsha256_kernel_gpu_singleInvocation(int*, int*)",176
2.417538,7.104000,1,1,1,1,1,1,40,0,0,"Tesla V100-PCIE-32GB (0)","1","7","parsha256_kernel_gpu_singleInvocation(int*, int*)",177
2.417548,7.103000,1,1,1,1,1,1,40,0,0,"Tesla V100-PCIE-32GB (0)","1","7","parsha256_kernel_gpu_singleInvocation(int*, int*)",178
2.417559,7.136000,1,1,1,1,1,1,40,0,0,"Tesla V100-PCIE-32GB (0)","1","7","parsha256_kernel_gpu_singleInvocation(int*, int*)",179
2.417569,7.136000,1,1,1,1,1,1,40,0,0,"Tesla V100-PCIE-32GB (0)","1","7","parsha256_kernel_gpu_singleInvocation(int*, int*)",180
2.417580,7.104000,1,1,1,1,1,1,40,0,0,"Tesla V100-PCIE-32GB (0)","1","7","parsha256_kernel_gpu_singleInvocation(int*, int*)",181
2.417590,7.232000,1,1,1,1,1,1,40,0,0,"Tesla V100-PCIE-32GB (0)","1","7","parsha256_kernel_gpu_singleInvocation(int*, int*)",182
2.417601,7.232000,1,1,1,1,1,1,40,0,0,"Tesla V100-PCIE-32GB (0)","1","7","parsha256_kernel_gpu_singleInvocation(int*, int*)",183
2.417612,7.200000,1,1,1,1,1,1,40,0,0,"Tesla V100-PCIE-32GB (0)","1","7","parsha256_kernel_gpu_singleInvocation(int*, int*)",184
2.417623,7.200000,1,1,1,1,1,1,40,0,0,"Tesla V100-PCIE-32GB (0)","1","7","parsha256_kernel_gpu_singleInvocation(int*, int*)",185
2.417634,7.200000,1,1,1,1,1,1,40,0,0,"Tesla V100-PCIE-32GB (0)","1","7","parsha256_kernel_gpu_singleInvocation(int*, int*)",186
2.417644,7.200000,1,1,1,1,1,1,40,0,0,"Tesla V100-PCIE-32GB (0)","1","7","parsha256_kernel_gpu_singleInvocation(int*, int*)",187
2.417655,7.232000,1,1,1,1,1,1,40,0,0,"Tesla V100-PCIE-32GB (0)","1","7","parsha256_kernel_gpu_singleInvocation(int*, int*)",188
2.417666,7.200000,1,1,1,1,1,1,40,0,0,"Tesla V100-PCIE-32GB (0)","1","7","parsha256_kernel_gpu_singleInvocation(int*, int*)",189
2.417677,7.200000,1,1,1,1,1,1,40,0,0,"Tesla V100-PCIE-32GB (0)","1","7","parsha256_kernel_gpu_singleInvocation(int*, int*)",190
2.417688,7.200000,1,1,1,1,1,1,40,0,0,"Tesla V100-PCIE-32GB (0)","1","7","parsha256_kernel_gpu_singleInvocation(int*, int*)",191
2.417698,7.552000,1,1,1,1,1,1,40,0,0,"Tesla V100-PCIE-32GB (0)","1","7","parsha256_kernel_gpu_singleInvocation(int*, int*)",192
2.417709,7.136000,1,1,1,1,1,1,40,0,0,"Tesla V100-PCIE-32GB (0)","1","7","parsha256_kernel_gpu_singleInvocation(int*, int*)",193
2.417720,7.136000,1,1,1,1,1,1,40,0,0,"Tesla V100-PCIE-32GB (0)","1","7","parsha256_kernel_gpu_singleInvocation(int*, int*)",194
2.417730,7.136000,1,1,1,1,1,1,40,0,0,"Tesla V100-PCIE-32GB (0)","1","7","parsha256_kernel_gpu_singleInvocation(int*, int*)",195
2.417741,7.135000,1,1,1,1,1,1,40,0,0,"Tesla V100-PCIE-32GB (0)","1","7","parsha256_kernel_gpu_singleInvocation(int*, int*)",196
2.417751,7.136000,1,1,1,1,1,1,40,0,0,"Tesla V100-PCIE-32GB (0)","1","7","parsha256_kernel_gpu_singleInvocation(int*, int*)",197
2.417762,7.136000,1,1,1,1,1,1,40,0,0,"Tesla V100-PCIE-32GB (0)","1","7","parsha256_kernel_gpu_singleInvocation(int*, int*)",198
2.417772,7.104000,1,1,1,1,1,1,40,0,0,"Tesla V100-PCIE-32GB (0)","1","7","parsha256_kernel_gpu_singleInvocation(int*, int*)",199
2.417783,7.168000,1,1,1,1,1,1,40,0,0,"Tesla V100-PCIE-32GB (0)","1","7","parsha256_kernel_gpu_singleInvocation(int*, int*)",200
2.417793,7.104000,1,1,1,1,1,1,40,0,0,"Tesla V100-PCIE-32GB (0)","1","7","parsha256_kernel_gpu_singleInvocation(int*, int*)",201
2.417804,7.104000,1,1,1,1,1,1,40,0,0,"Tesla V100-PCIE-32GB (0)","1","7","parsha256_kernel_gpu_singleInvocation(int*, int*)",202
2.417814,7.136000,1,1,1,1,1,1,40,0,0,"Tesla V100-PCIE-32GB (0)","1","7","parsha256_kernel_gpu_singleInvocation(int*, int*)",203
2.417825,7.136000,1,1,1,1,1,1,40,0,0,"Tesla V100-PCIE-32GB (0)","1","7","parsha256_kernel_gpu_singleInvocation(int*, int*)",204
2.417835,7.136000,1,1,1,1,1,1,40,0,0,"Tesla V100-PCIE-32GB (0)","1","7","parsha256_kernel_gpu_singleInvocation(int*, int*)",205
2.417846,7.104000,1,1,1,1,1,1,40,0,0,"Tesla V100-PCIE-32GB (0)","1","7","parsha256_kernel_gpu_singleInvocation(int*, int*)",206
2.417857,7.136000,1,1,1,1,1,1,40,0,0,"Tesla V100-PCIE-32GB (0)","1","7","parsha256_kernel_gpu_singleInvocation(int*, int*)",207
2.417867,7.104000,1,1,1,1,1,1,40,0,0,"Tesla V100-PCIE-32GB (0)","1","7","parsha256_kernel_gpu_singleInvocation(int*, int*)",208
2.417878,7.104000,1,1,1,1,1,1,40,0,0,"Tesla V100-PCIE-32GB (0)","1","7","parsha256_kernel_gpu_singleInvocation(int*, int*)",209
2.417888,7.104000,1,1,1,1,1,1,40,0,0,"Tesla V100-PCIE-32GB (0)","1","7","parsha256_kernel_gpu_singleInvocation(int*, int*)",210
2.417899,7.136000,1,1,1,1,1,1,40,0,0,"Tesla V100-PCIE-32GB (0)","1","7","parsha256_kernel_gpu_singleInvocation(int*, int*)",211
2.417909,7.264000,1,1,1,1,1,1,40,0,0,"Tesla V100-PCIE-32GB (0)","1","7","parsha256_kernel_gpu_singleInvocation(int*, int*)",212
2.417920,7.104000,1,1,1,1,1,1,40,0,0,"Tesla V100-PCIE-32GB (0)","1","7","parsha256_kernel_gpu_singleInvocation(int*, int*)",213
2.417930,7.135000,1,1,1,1,1,1,40,0,0,"Tesla V100-PCIE-32GB (0)","1","7","parsha256_kernel_gpu_singleInvocation(int*, int*)",214
2.417941,7.136000,1,1,1,1,1,1,40,0,0,"Tesla V100-PCIE-32GB (0)","1","7","parsha256_kernel_gpu_singleInvocation(int*, int*)",215
2.417951,7.136000,1,1,1,1,1,1,40,0,0,"Tesla V100-PCIE-32GB (0)","1","7","parsha256_kernel_gpu_singleInvocation(int*, int*)",216
2.417962,7.136000,1,1,1,1,1,1,40,0,0,"Tesla V100-PCIE-32GB (0)","1","7","parsha256_kernel_gpu_singleInvocation(int*, int*)",217
2.417972,7.136000,1,1,1,1,1,1,40,0,0,"Tesla V100-PCIE-32GB (0)","1","7","parsha256_kernel_gpu_singleInvocation(int*, int*)",218
2.417983,7.136000,1,1,1,1,1,1,40,0,0,"Tesla V100-PCIE-32GB (0)","1","7","parsha256_kernel_gpu_singleInvocation(int*, int*)",219
2.417993,7.136000,1,1,1,1,1,1,40,0,0,"Tesla V100-PCIE-32GB (0)","1","7","parsha256_kernel_gpu_singleInvocation(int*, int*)",220
2.418004,7.072000,1,1,1,1,1,1,40,0,0,"Tesla V100-PCIE-32GB (0)","1","7","parsha256_kernel_gpu_singleInvocation(int*, int*)",221
2.418014,7.104000,1,1,1,1,1,1,40,0,0,"Tesla V100-PCIE-32GB (0)","1","7","parsha256_kernel_gpu_singleInvocation(int*, int*)",222
2.418025,7.136000,1,1,1,1,1,1,40,0,0,"Tesla V100-PCIE-32GB (0)","1","7","parsha256_kernel_gpu_singleInvocation(int*, int*)",223
2.418035,7.136000,1,1,1,1,1,1,40,0,0,"Tesla V100-PCIE-32GB (0)","1","7","parsha256_kernel_gpu_singleInvocation(int*, int*)",224
2.418046,7.104000,1,1,1,1,1,1,40,0,0,"Tesla V100-PCIE-32GB (0)","1","7","parsha256_kernel_gpu_singleInvocation(int*, int*)",225
2.418057,7.136000,1,1,1,1,1,1,40,0,0,"Tesla V100-PCIE-32GB (0)","1","7","parsha256_kernel_gpu_singleInvocation(int*, int*)",226
2.418067,7.136000,1,1,1,1,1,1,40,0,0,"Tesla V100-PCIE-32GB (0)","1","7","parsha256_kernel_gpu_singleInvocation(int*, int*)",227
2.418078,7.136000,1,1,1,1,1,1,40,0,0,"Tesla V100-PCIE-32GB (0)","1","7","parsha256_kernel_gpu_singleInvocation(int*, int*)",228
2.418088,7.136000,1,1,1,1,1,1,40,0,0,"Tesla V100-PCIE-32GB (0)","1","7","parsha256_kernel_gpu_singleInvocation(int*, int*)",229
2.418099,7.136000,1,1,1,1,1,1,40,0,0,"Tesla V100-PCIE-32GB (0)","1","7","parsha256_kernel_gpu_singleInvocation(int*, int*)",230
2.418109,7.104000,1,1,1,1,1,1,40,0,0,"Tesla V100-PCIE-32GB (0)","1","7","parsha256_kernel_gpu_singleInvocation(int*, int*)",231
2.418120,7.232000,1,1,1,1,1,1,40,0,0,"Tesla V100-PCIE-32GB (0)","1","7","parsha256_kernel_gpu_singleInvocation(int*, int*)",232
2.418130,7.104000,1,1,1,1,1,1,40,0,0,"Tesla V100-PCIE-32GB (0)","1","7","parsha256_kernel_gpu_singleInvocation(int*, int*)",233
2.418141,7.104000,1,1,1,1,1,1,40,0,0,"Tesla V100-PCIE-32GB (0)","1","7","parsha256_kernel_gpu_singleInvocation(int*, int*)",234
2.418151,7.168000,1,1,1,1,1,1,40,0,0,"Tesla V100-PCIE-32GB (0)","1","7","parsha256_kernel_gpu_singleInvocation(int*, int*)",235
2.418162,7.104000,1,1,1,1,1,1,40,0,0,"Tesla V100-PCIE-32GB (0)","1","7","parsha256_kernel_gpu_singleInvocation(int*, int*)",236
2.418172,7.104000,1,1,1,1,1,1,40,0,0,"Tesla V100-PCIE-32GB (0)","1","7","parsha256_kernel_gpu_singleInvocation(int*, int*)",237
2.418183,7.104000,1,1,1,1,1,1,40,0,0,"Tesla V100-PCIE-32GB (0)","1","7","parsha256_kernel_gpu_singleInvocation(int*, int*)",238
2.418193,7.136000,1,1,1,1,1,1,40,0,0,"Tesla V100-PCIE-32GB (0)","1","7","parsha256_kernel_gpu_singleInvocation(int*, int*)",239
2.418204,7.136000,1,1,1,1,1,1,40,0,0,"Tesla V100-PCIE-32GB (0)","1","7","parsha256_kernel_gpu_singleInvocation(int*, int*)",240
2.418214,7.072000,1,1,1,1,1,1,40,0,0,"Tesla V100-PCIE-32GB (0)","1","7","parsha256_kernel_gpu_singleInvocation(int*, int*)",241
2.418225,7.104000,1,1,1,1,1,1,40,0,0,"Tesla V100-PCIE-32GB (0)","1","7","parsha256_kernel_gpu_singleInvocation(int*, int*)",242
2.418235,7.136000,1,1,1,1,1,1,40,0,0,"Tesla V100-PCIE-32GB (0)","1","7","parsha256_kernel_gpu_singleInvocation(int*, int*)",243
2.418246,7.104000,1,1,1,1,1,1,40,0,0,"Tesla V100-PCIE-32GB (0)","1","7","parsha256_kernel_gpu_singleInvocation(int*, int*)",244
2.418257,7.104000,1,1,1,1,1,1,40,0,0,"Tesla V100-PCIE-32GB (0)","1","7","parsha256_kernel_gpu_singleInvocation(int*, int*)",245
2.418267,7.104000,1,1,1,1,1,1,40,0,0,"Tesla V100-PCIE-32GB (0)","1","7","parsha256_kernel_gpu_singleInvocation(int*, int*)",246
2.418278,7.136000,1,1,1,1,1,1,40,0,0,"Tesla V100-PCIE-32GB (0)","1","7","parsha256_kernel_gpu_singleInvocation(int*, int*)",247
2.418288,7.168000,1,1,1,1,1,1,40,0,0,"Tesla V100-PCIE-32GB (0)","1","7","parsha256_kernel_gpu_singleInvocation(int*, int*)",248
2.418299,7.104000,1,1,1,1,1,1,40,0,0,"Tesla V100-PCIE-32GB (0)","1","7","parsha256_kernel_gpu_singleInvocation(int*, int*)",249
